{"train": [0.8591477116652294, 0.7789502608037628, 0.7560272886689785, 0.756022105174782, 0.7427857829406198, 0.7587166629006378, 0.7547560218161187, 0.7727388470573763, 0.8311915566435958, 0.8336364748203648, 0.8004391947678761, 0.823301426077311, 0.8036896053668672, 0.8161614753503715, 0.818676834612821, 0.8448146945607345, 0.8723502116920674, 0.8424969600365225, 0.8416596519208588, 0.8492756802423865, 0.8444346015432239, 0.8728983502472396, 0.8741957819567318, 0.8925501683117014, 0.881430356375939, 0.902188428735311, 0.899441424724275, 0.8967762763521313, 0.901814047741679, 0.9010702777752834, 0.9158001563190359, 0.9113606198699074, 0.9121474344118506, 0.9206568335009887, 0.9088836006358662, 0.9192216728640868, 0.9254929602673624, 0.9248132589644036, 0.9213931127987077, 0.9271897314924055], "valid": [0.7147762576738993, 0.7314359347025553, 0.857189898689588, 0.9374278138081232, 0.7881840020418167, 0.6104172517855962, 0.6570914834737778, 0.7760715732971827, 0.8889309018850327, 0.8009984244902929, 0.8492639015118281, 0.7325533876816431, 0.8410204102595648, 0.8019298613071442, 0.9463257094224294, 0.8833757787942886, 0.8286211540301641, 0.7563439508279165, 0.8011491547028223, 0.7776295443375906, 0.9232212255398432, 0.9256614943345388, 0.8922652105490366, 0.8556243727604548, 0.9452145248651505, 0.9695816487073898, 0.9369987299044927, 0.8922717173894247, 0.8923284262418747, 0.9258069594701132, 0.9513979057470957, 0.9456125497817993, 0.9531430900096893, 0.9438972274462382, 0.9185271461804708, 0.9580100824435552, 0.9550045132637024, 0.9252140174309412, 0.9404690762360891, 0.9560275971889496]}