{"train": [0.3347563147544861, 0.3343359629313151, 0.3343092255425035, 0.3343062139393991, 0.33419568183129295, 0.3342634700892264, 0.3342661125618115, 0.3341768310781111, 0.3339844492443821, 0.3332800431209698, 0.3337508492302476, 0.3335614586085604, 0.332709355835329, 0.3333037417185934, 0.33219538446058305, 0.3325364328267282, 0.33379467328389484, 0.3333092823363187, 0.33239742538385225, 0.3330659829733664, 0.33300875205742686, 0.33311518869901957, 0.333285577464522, 0.33367379820137694, 0.33338871545958937, 0.33217202048552663, 0.3336895557872036, 0.3335999632090853, 0.3336780201970485, 0.3334254899568725, 0.33333037401500504, 0.3318468436860202, 0.33249975610197635, 0.3324001886342701, 0.333229976265054, 0.33260157495214226, 0.33335603067749425, 0.3334197647738875, 0.3333248642452976, 0.3333367015186109], "valid": [0.33419496814409894, 0.3342806895573934, 0.33474209904670715, 0.33418871959050495, 0.33508898814519245, 0.3347986340522766, 0.3341679473718007, 0.33401939272880554, 0.33402562141418457, 0.3340047299861908, 0.3340192933877309, 0.33398371934890747, 0.33401308457056683, 0.3340061108271281, 0.333987553914388, 0.3339651823043823, 0.33395527799924213, 0.33395830790201825, 0.3339736958344777, 0.3339746991793315, 0.33394570151964825, 0.33394408226013184, 0.3339243332544963, 0.33391904830932617, 0.33445165554682416, 0.33397560318311054, 0.3339752157529195, 0.333966185649236, 0.3339589138825734, 0.33393170436223346, 0.33395354946454364, 0.3339647849400838, 0.33393363157908124, 0.33391502499580383, 0.33395010232925415, 0.3339903652667999, 0.3339395721753438, 0.3339461882909139, 0.3339349031448364, 0.33393625418345135]}