{"train": [0.5528229668475034, 0.501490080565737, 0.5010467380808111, 0.5009594747894689, 0.5009101482859829, 0.5009436481877377, 0.5007595294400266, 0.5008600014343596, 0.500392450575243, 0.4998676876227061, 0.5004107303786696, 0.499793912757907, 0.500176480464768, 0.4983693329911483, 0.4940389426130998, 0.48013420010867874, 0.48708209186269524, 0.4709095468646602, 0.4883272407347696, 0.46893208173283357, 0.4545593815937377, 0.4665806105262355, 0.4529438640987664, 0.45857571666700797, 0.44524365245250236, 0.4515055757865571, 0.43690980212730274, 0.46999614960268926, 0.42603277166684467, 0.43751635624651325, 0.4350460469722748, 0.4278951522551085, 0.429255299400865, 0.41434887731284425, 0.4299202801888449, 0.4270865629639542, 0.4269056989435564, 0.4308546483516693, 0.4335513888743886, 0.43558650895168904], "valid": [0.5013275941212972, 0.5012597143650055, 0.5012006461620331, 0.5010173320770264, 0.5011987884839376, 0.5008507966995239, 0.5009802977244059, 0.5013384719689687, 0.5009886225064596, 0.500942051410675, 0.5005920678377151, 0.4935980240503947, 0.5010262727737427, 0.5010486443837484, 0.4915373623371124, 0.4937170346577962, 0.5012321372826894, 0.500847707192103, 0.4992723713318507, 0.3667292644580205, 0.4896085361639659, 0.49550927182038623, 0.4717847953240077, 0.4015088925758998, 0.35527880986531574, 0.37800079584121704, 0.49720017115275067, 0.45825037856896716, 0.34240121642748517, 0.3537901242574056, 0.3963226576646169, 0.4049809128046036, 0.37696055074532825, 0.40980012714862823, 0.446158433953921, 0.36149640878041583, 0.4307869573434194, 0.4626787106196086, 0.41017912824948627, 0.35796408851941425]}