{"train": [0.20102159976959227, 0.2005720501360686, 0.20043722546618917, 0.20043432816215184, 0.200360281571098, 0.20038095660831617, 0.20033011125481648, 0.20032826299252718, 0.2003161751705667, 0.20027517339457637, 0.20028620180876358, 0.2002978967583698, 0.2002701883730681, 0.20025480208189592, 0.20025774188663648, 0.20024235352225925, 0.20023250994474992, 0.20021909423496412, 0.20022265289140784, 0.2002275508383046, 0.2002003182535586, 0.2001971607622893, 0.20020212090533712, 0.20020589413850204, 0.20021331621252972, 0.20019661758256996, 0.20019691197768502, 0.20018812884455142, 0.20019013674362846, 0.20019981239152992, 0.20020474869271984, 0.200197462413622, 0.2001917735390041, 0.20018617381220277, 0.20018735657567563, 0.2001850003781526, 0.2001775140347688, 0.20017478880674944, 0.20017311573028565, 0.20017745702163034], "valid": [0.20092960198720297, 0.20046026706695558, 0.20042036374409994, 0.2005163590113322, 0.2004599650700887, 0.2003357489903768, 0.20031230449676513, 0.20029083093007405, 0.2003230094909668, 0.20031346480051676, 0.20031794706980388, 0.200269881884257, 0.20024821758270264, 0.20026400089263915, 0.20021697680155437, 0.20025001366933187, 0.20025029977162678, 0.20018786589304607, 0.20019466876983644, 0.2002068837483724, 0.20019617875417073, 0.20015510718027751, 0.20018474260965982, 0.200175944964091, 0.20017773310343426, 0.2001648743947347, 0.20017370382944744, 0.20017094612121583, 0.20016074975331624, 0.2001758893330892, 0.20017836888631185, 0.20016727447509766, 0.20016709168752034, 0.20015898545583088, 0.2001541296641032, 0.20015490055084229, 0.20014581680297852, 0.20014931360880533, 0.20016282399495441, 0.20014669100443522]}