{"train": [0.1963842158732207, 0.19477809719417405, 0.1931685349215632, 0.19450448751449584, 0.19419659531634786, 0.1941607345705447, 0.19368182213410087, 0.19354887889779132, 0.19336524320685344, 0.19354077059289684, 0.19311465802400007, 0.19288269540537958, 0.1930499880210213, 0.19335485489472098, 0.19212773934654567, 0.1926990965138311, 0.19303034181180206, 0.19367415179377018, 0.1935467787410902, 0.19319226171659387, 0.19263440059578937, 0.1924855211506719, 0.19317243721174157, 0.19334552184395168, 0.193486009473386, 0.19334834088449893, 0.19304131684095963, 0.1933416672374891, 0.19345796782037486, 0.1932617830193561, 0.19305986684301626, 0.19342782134595124, 0.19287248798038648, 0.19251169951065727, 0.19209148469178572, 0.19258650282154913, 0.19338583168776138, 0.19285532391589622, 0.1922812290813612, 0.1919277284456336], "valid": [0.141046937306722, 0.17452393770217894, 0.1840630610783895, 0.1909690022468567, 0.18150951067606608, 0.1819156010945638, 0.18156665563583374, 0.17531944115956624, 0.1820382316907247, 0.18562435309092204, 0.19498218695322672, 0.18983425696690878, 0.19000967343648276, 0.17870661815007527, 0.17398043473561606, 0.17764321168263753, 0.18228389422098795, 0.18210537830988566, 0.18340144554773966, 0.17766934235890705, 0.18192480007807413, 0.18549362421035767, 0.16371901432673136, 0.18641380071640015, 0.18340181509653727, 0.17686990896860758, 0.17875422636667887, 0.17839232683181763, 0.17642465829849244, 0.1887145717938741, 0.18626708984375, 0.17872882684071859, 0.17995746533075968, 0.17916702429453532, 0.1697668155034383, 0.18117363452911378, 0.1834380269050598, 0.17627880573272706, 0.18587090571721396, 0.183733598391215]}