{"train": [0.5034722863582143, 0.4878880867832585, 0.465341248533182, 0.48175255771268877, 0.4895611954362769, 0.47960818389005827, 0.4752819511974067, 0.4863500574178863, 0.47771624410361574, 0.48319232097843234, 0.47895946941877665, 0.4711080465400428, 0.47710850207429184, 0.4604565360044178, 0.46441345256671573, 0.4576010181192766, 0.4519855437571542, 0.4426720686126174, 0.43823660256569846, 0.42835689950407596, 0.42039049142285395, 0.4184179656338273, 0.40048087322921083, 0.4149395917591296, 0.4097838490678553, 0.4191844996653105, 0.4155643169294324, 0.4088979452325587, 0.4152473357685825, 0.4129927357037862, 0.3976205718099025, 0.4050043507626182, 0.40455218103894014, 0.4033840967897783, 0.39594791228311105, 0.40139937191678765, 0.40320781396146405, 0.394718854573735, 0.39249110640141, 0.3951310332407031], "valid": [0.5017576515674591, 0.49719368914763135, 0.4914524753888448, 0.44948555529117584, 0.49818584819634754, 0.47625593344370526, 0.4831262032190959, 0.4979329804579417, 0.493257279197375, 0.48950839042663574, 0.46090256174405414, 0.48426321148872375, 0.468218336502711, 0.46560560663541156, 0.46715012689431507, 0.4306686570247014, 0.48052189747492474, 0.41067902743816376, 0.4371367891629537, 0.41725819806257886, 0.40634727974732715, 0.41026271382967633, 0.40477467079957324, 0.38026173909505206, 0.3882711927096049, 0.4054176062345505, 0.39036981264750165, 0.43025517960389453, 0.43183597425619763, 0.3605845421552658, 0.3937762379646301, 0.40561729669570923, 0.38531974454720813, 0.36607018609841663, 0.3817466249068578, 0.37015490233898163, 0.37403066953023273, 0.36467868089675903, 0.3768654614686966, 0.3709844996531804]}